# assembly_accession,bioproject,biosample,wgs_master,refseq_category,taxid,species_taxid,organism_name,infraspecific_name,isolate,version_status,assembly_level,release_type,genome_rep,seq_rel_date,asm_name,submitter,gbrs_paired_asm,paired_asm_comp,ftp_path,excluded_from_refseq,relation_to_type_material,asm_not_live_date
GCF_004115215.2,PRJNA534073,SAMN08537700,RZJT00000000.2,representative genome,9258,9258,Ornithorhynchus anatinus,,Pmale09,latest,Chromosome,Major,Full,06/11/2020,mOrnAna1.pri.v4,Vertebrate Genomes Project,GCA_004115215.4,different,https://ftp.ncbi.nlm.nih.gov/genomes/all/GCF/004/115/215/GCF_004115215.2_mOrnAna1.pri.v4,,,na
GCF_015852505.1,PRJNA687514,SAMN12634963,JADRJE000000000.1,representative genome,9261,9261,Tachyglossus aculeatus,,mTacAcu1,latest,Chromosome,Major,Full,09/12/2020,mTacAcu1.pri,Vertebrate Genomes Project,GCA_015852505.1,different,https://ftp.ncbi.nlm.nih.gov/genomes/all/GCF/015/852/505/GCF_015852505.1_mTacAcu1.pri,,,na
GCF_902635505.1,PRJNA596784,SAMEA6099886,CACPPN000000000.1,representative genome,9305,9305,Sarcophilus harrisii,,,latest,Chromosome,Major,Full,07/11/2019,mSarHar1.11,SC,GCA_902635505.1,different,https://ftp.ncbi.nlm.nih.gov/genomes/all/GCF/902/635/505/GCF_902635505.1_mSarHar1.11,,,na
GCF_011100635.1,PRJNA667932,SAMN12629507,JAANDE000000000.1,representative genome,9337,9337,Trichosurus vulpecula,,mTriVul1,latest,Chromosome,Major,Full,10/03/2020,mTriVul1.pri,Vertebrate Genomes Project,GCA_011100635.1,different,https://ftp.ncbi.nlm.nih.gov/genomes/all/GCF/011/100/635/GCF_011100635.1_mTriVul1.pri,genome length too large,,na
GCF_000208655.1,PRJNA196486,SAMN02953623,AAGV00000000.3,representative genome,9361,9361,Dasypus novemcinctus,,3-136,latest,Scaffold,Major,Full,06/01/2012,Dasnov3.0,Baylor College of Medicine,GCA_000208655.2,different,https://ftp.ncbi.nlm.nih.gov/genomes/all/GCF/000/208/655/GCF_000208655.1_Dasnov3.0,,,na
GCF_000296755.1,PRJNA232766,SAMN00760989,AMDU00000000.1,representative genome,9365,9365,Erinaceus europaeus,,Erinaceus europaeus_13Jul2011,latest,Scaffold,Major,Full,19/09/2012,EriEur2.0,Broad Institute,GCA_000296755.1,different,https://ftp.ncbi.nlm.nih.gov/genomes/all/GCF/000/296/755/GCF_000296755.1_EriEur2.0,,,na
GCF_000313985.2,PRJNA193504,SAMN00216137,AAIY00000000.3,representative genome,9371,9371,Echinops telfairi,,266,latest,Scaffold,Major,Full,15/07/2019,ASM31398v2,Broad Institute,GCA_000313985.2,different,https://ftp.ncbi.nlm.nih.gov/genomes/all/GCF/000/313/985/GCF_000313985.2_ASM31398v2,,,na
GCF_000325575.1,PRJNA232518,SAMN01103203,ALWS00000000.1,representative genome,9402,9402,Pteropus alecto,,,latest,Scaffold,Major,Full,04/12/2013,ASM32557v1,BGI,GCA_000325575.1,different,https://ftp.ncbi.nlm.nih.gov/genomes/all/GCF/000/325/575/GCF_000325575.1_ASM32557v1,,,na
GCF_014176215.1,PRJNA665208,SAMN14734550,JACASE000000000.1,representative genome,9407,9407,Rousettus aegyptiacus,,mRouAeg1,latest,Scaffold,Major,Full,07/08/2020,mRouAeg1.p,Bat1K,GCA_014176215.1,different,https://ftp.ncbi.nlm.nih.gov/genomes/all/GCF/014/176/215/GCF_014176215.1_mRouAeg1.p,,,na
GCF_014825515.1,PRJNA673233,SAMN12273914,VSFN00000000.1,representative genome,9417,9417,Artibeus jamaicensis,,1a,latest,Scaffold,Major,Full,30/09/2020,WHU_Ajam_v2,College of Life Sciences at Wuhan University,GCA_014825515.1,different,https://ftp.ncbi.nlm.nih.gov/genomes/all/GCF/014/825/515/GCF_014825515.1_WHU_Ajam_v2,,,na
GCF_002940915.1,PRJNA436375,SAMN07783852,PEHR00000000.1,representative genome,9430,9430,Desmodus rotundus,,DRU21DN04,latest,Scaffold,Major,Full,23/02/2018,ASM294091v2,University of Copenhagen,GCA_002940915.2,different,https://ftp.ncbi.nlm.nih.gov/genomes/all/GCF/002/940/915/GCF_002940915.1_ASM294091v2,,,na
GCF_009663435.1,PRJNA635392,,WJHW00000000.1,representative genome,9483,9483,Callithrix jacchus,strain=cj1700,,latest,Chromosome,Major,Full,22/05/2020,Callithrix_jacchus_cj1700_1.1,McDonnell Genome Institute at Washington University,GCA_009663435.2,different,https://ftp.ncbi.nlm.nih.gov/genomes/all/GCF/009/663/435/GCF_009663435.1_Callithrix_jacchus_cj1700_1.1,,,na
GCF_009761245.1,PRJNA599380,SAMN13265339,WRPQ00000000.1,representative genome,9515,9515,Sapajus apella,,SASKATOON/1434,latest,Scaffold,Major,Full,17/12/2019,GSC_monkey_1.0,Canada's Genomic Enterprise,GCA_009761245.1,identical,https://ftp.ncbi.nlm.nih.gov/genomes/all/GCF/009/761/245/GCF_009761245.1_GSC_monkey_1.0,,,na
GCF_000955945.1,PRJNA279144,SAMN03379531,JZLG00000000.1,representative genome,9531,9531,Cercocebus atys,,FAK,latest,Scaffold,Major,Full,19/03/2015,Caty_1.0,Human Genome Sequencing Center - BCM,GCA_000955945.1,identical,https://ftp.ncbi.nlm.nih.gov/genomes/all/GCF/000/955/945/GCF_000955945.1_Caty_1.0,,,na
GCF_000364345.1,PRJNA215851,SAMN00811240,AQIA00000000.1,representative genome,9541,9541,Macaca fascicularis,,,latest,Chromosome,Major,Full,12/06/2013,Macaca_fascicularis_5.0,Washington University (WashU),GCA_000364345.1,different,https://ftp.ncbi.nlm.nih.gov/genomes/all/GCF/000/364/345/GCF_000364345.1_Macaca_fascicularis_5.0,,,na
GCF_003339765.1,PRJNA528504,SAMN09435472,QNVO00000000.2,representative genome,9544,9544,Macaca mulatta,,AG07107,latest,Chromosome,Major,Full,13/02/2019,Mmul_10,The Genome Institute at Washington University School of Medicine,GCA_003339765.3,different,https://ftp.ncbi.nlm.nih.gov/genomes/all/GCF/003/339/765/GCF_003339765.1_Mmul_10,,,na
GCF_000956065.1,PRJNA279145,SAMN03121842,JZLF00000000.1,representative genome,9545,9545,Macaca nemestrina,,M95218,latest,Scaffold,Major,Full,19/03/2015,Mnem_1.0,Baylor College of Medicine,GCA_000956065.1,identical,https://ftp.ncbi.nlm.nih.gov/genomes/all/GCF/000/956/065/GCF_000956065.1_Mnem_1.0,,,na
GCF_008728515.1,PRJNA576697,SAMN11179045,VSMJ00000000.1,representative genome,9555,9555,Papio anubis,,15944,latest,Chromosome,Major,Full,02/10/2019,Panubis1.0,"University of California, San Francisco",GCA_008728515.1,different,https://ftp.ncbi.nlm.nih.gov/genomes/all/GCF/008/728/515/GCF_008728515.1_Panubis1.0,,,na
GCF_003255815.1,PRJNA477372,SAMN09197221,QGDE00000000.1,representative genome,9565,9565,Theropithecus gelada,,Dixy,latest,Chromosome,Major,Full,19/06/2018,Tgel_1.0,Kenneth Chiou's shared submissions,GCA_003255815.1,different,https://ftp.ncbi.nlm.nih.gov/genomes/all/GCF/003/255/815/GCF_003255815.1_Tgel_1.0,,,na
GCF_000951045.1,PRJNA279492,SAMN03121813,JYKQ00000000.1,representative genome,9568,9568,Mandrillus leucophaeus,,KB7577,latest,Scaffold,Major,Full,12/03/2015,Mleu.le_1.0,Baylor College of Medicine,GCA_000951045.1,identical,https://ftp.ncbi.nlm.nih.gov/genomes/all/GCF/000/951/045/GCF_000951045.1_Mleu.le_1.0,,,na
GCF_008122165.1,PRJNA564096,SAMN11078986,SRLZ00000000.1,representative genome,9595,9593,Gorilla gorilla gorilla,breed=western lowland gorilla,Kamilah (stud number 0661),latest,Chromosome,Major,Full,28/08/2019,Kamilah_GGO_v0,University of Washington,GCA_008122165.1,different,https://ftp.ncbi.nlm.nih.gov/genomes/all/GCF/008/122/165/GCF_008122165.1_Kamilah_GGO_v0,,,na
GCF_013052645.1,PRJNA633582,SAMN11123633,SSBP00000000.1,representative genome,9597,9597,Pan paniscus,,Mhudiblu (Carbone #601152),latest,Chromosome,Major,Full,15/05/2020,Mhudiblu_PPA_v0,"University of Washington, University of Bari, Italy",GCA_013052645.1,different,https://ftp.ncbi.nlm.nih.gov/genomes/all/GCF/013/052/645/GCF_013052645.1_Mhudiblu_PPA_v0,,,na
GCF_002880755.1,PRJNA10627,SAMN06272697,NBAG00000000.3,representative genome,9598,9598,Pan troglodytes,,Yerkes chimp pedigree #C0471 (Clint),latest,Chromosome,Major,Full,19/01/2018,Clint_PTRv2,University of Washington,GCA_002880755.3,different,https://ftp.ncbi.nlm.nih.gov/genomes/all/GCF/002/880/755/GCF_002880755.1_Clint_PTRv2,,,na
GCF_002880775.1,PRJNA37793,SAMN06275555,NDHI00000000.3,representative genome,9601,9601,Pongo abelii,,Susie,latest,Chromosome,Major,Full,19/01/2018,Susie_PABv2,University of Washington,GCA_002880775.3,different,https://ftp.ncbi.nlm.nih.gov/genomes/all/GCF/002/880/775/GCF_002880775.1_Susie_PABv2,,,na
GCF_000001405.39,PRJNA168,,,reference genome,9606,9606,Homo sapiens,,,latest,Chromosome,Patch,Full,28/02/2019,GRCh38.p13,Genome Reference Consortium,GCA_000001405.28,different,https://ftp.ncbi.nlm.nih.gov/genomes/all/GCF/000/001/405/GCF_000001405.39_GRCh38.p13,,,na
GCF_000002285.5,PRJNA12384,SAMN02953603,AAEX00000000.4,na,9615,9612,Canis lupus familiaris,breed=boxer,Tasha,latest,Chromosome,Major,Full,06/10/2020,Dog10K_Boxer_Tasha,Dog Genome Sequencing Consortium,GCA_000002285.4,different,https://ftp.ncbi.nlm.nih.gov/genomes/all/GCF/000/002/285/GCF_000002285.5_Dog10K_Boxer_Tasha,,,na
GCF_014441545.1,PRJNA681562,SAMN14478636,JAAUVH000000000.1,representative genome,9615,9612,Canis lupus familiaris,breed=Labrador retriever,SID07034,latest,Chromosome,Major,Full,03/09/2020,ROS_Cfam_1.0,The Roslin Institute,GCA_014441545.1,different,https://ftp.ncbi.nlm.nih.gov/genomes/all/GCF/014/441/545/GCF_014441545.1_ROS_Cfam_1.0,,,na
GCF_003160815.1,PRJNA482864,SAMN06553695,NBDQ00000000.1,representative genome,9627,9627,Vulpes vulpes,strain=TameXAggressive cross,,latest,Scaffold,Major,Full,25/05/2018,VulVul2.2,University of Illinois at Urbana-Champaign,GCA_003160815.1,different,https://ftp.ncbi.nlm.nih.gov/genomes/all/GCF/003/160/815/GCF_003160815.1_VulVul2.2,,,na
GCF_002007445.1,PRJNA633539,SAMN04193337,LNAT00000000.2,representative genome,9646,9646,Ailuropoda melanoleuca,,Jingjing,latest,Chromosome,Major,Full,20/04/2020,ASM200744v2,"Institute of Zoology, Chinese Academy of Sciences",GCA_002007445.2,different,https://ftp.ncbi.nlm.nih.gov/genomes/all/GCF/002/007/445/GCF_002007445.1_ASM200744v2,,,na
GCF_000215625.1,PRJNA158527,SAMN00149631,AEYP00000000.1,representative genome,9669,9668,Mustela putorius furo,breed=Sable,ID#1420,latest,Scaffold,Major,Full,02/06/2011,MusPutFur1.0,Ferret Genome Sequencing Consortium,GCA_000215625.1,different,https://ftp.ncbi.nlm.nih.gov/genomes/all/GCF/000/215/625/GCF_000215625.1_MusPutFur1.0,,,na
GCF_000181335.3,PRJNA175699,SAMN02953640,AANG00000000.4,representative genome,9685,9685,Felis catus,breed=Abyssinian,Cinnamon,latest,Chromosome,Major,Full,20/11/2017,Felis_catus_9.0,Genome Sequencing Center (GSC) at Washington University (WashU) School of Medicine,GCA_000181335.4,different,https://ftp.ncbi.nlm.nih.gov/genomes/all/GCF/000/181/335/GCF_000181335.3_Felis_catus_9.0,,,na
GCF_018350215.1,PRJNA751610,SAMN17054329,JAEQMX000000000.1,representative genome,9689,9689,Panthera leo,,Ple1,latest,Chromosome,Major,Full,13/05/2021,P.leo_Ple1_pat1.1,Texas A&M University,GCA_018350215.1,different,https://ftp.ncbi.nlm.nih.gov/genomes/all/GCF/018/350/215/GCF_018350215.1_P.leo_Ple1_pat1.1,,,na
GCF_001857705.1,PRJNA355165,SAMN04347630,LQGZ00000000.1,representative genome,9691,9691,Panthera pardus,,Maewha,latest,Scaffold,Major,Full,16/11/2016,PanPar1.0,Ulsan National Institute of Science and Technology,GCA_001857705.1,different,https://ftp.ncbi.nlm.nih.gov/genomes/all/GCF/001/857/705/GCF_001857705.1_PanPar1.0,,,na
GCF_018350195.1,PRJNA751894,SAMN17054330,JAEQMW000000000.1,representative genome,9694,9694,Panthera tigris,,Pti1,latest,Chromosome,Major,Full,13/05/2021,P.tigris_Pti1_mat1.1,Texas A&M University,GCA_018350195.2,different,https://ftp.ncbi.nlm.nih.gov/genomes/all/GCF/018/350/195/GCF_018350195.1_P.tigris_Pti1_mat1.1,,,na
GCF_003327715.1,PRJNA481988,SAMN08662999,QAVW00000000.1,representative genome,9696,9696,Puma concolor,,SC36_Marlon,latest,Scaffold,Major,Full,19/07/2018,PumCon1.0,Broad Institute,GCA_003327715.1,different,https://ftp.ncbi.nlm.nih.gov/genomes/all/GCF/003/327/715/GCF_003327715.1_PumCon1.0,,,na
GCF_009762305.2,PRJNA602522,SAMN12368149,WPOA00000000.2,representative genome,9704,9704,Zalophus californianus,,mZalCal1,latest,Chromosome,Major,Full,14/07/2020,mZalCal1.pri.v2,Vertebrate Genomes Project,GCA_009762305.2,different,https://ftp.ncbi.nlm.nih.gov/genomes/all/GCF/009/762/305/GCF_009762305.2_mZalCal1.pri.v2,,,na
GCF_000321225.1,PRJNA189954,SAMN01180787,ANOP00000000.1,representative genome,9708,9707,Odobenus rosmarus divergens,,Ivan,latest,Scaffold,Major,Full,16/01/2013,Oros_1.0,Marine mammals,GCA_000321225.1,different,https://ftp.ncbi.nlm.nih.gov/genomes/all/GCF/000/321/225/GCF_000321225.1_Oros_1.0,,,na
GCF_012393455.1,PRJNA661181,SAMN13022322,JAAXOB000000000.1,representative genome,9711,9711,Halichoerus grypus,ecotype=Northwest Atlantic,241Hg,latest,Scaffold,Major,Full,15/04/2020,Tufts_HGry_1.1,Cummings School of Veterinary Medicine at Tufts University,GCA_012393455.1,different,https://ftp.ncbi.nlm.nih.gov/genomes/all/GCF/012/393/455/GCF_012393455.1_Tufts_HGry_1.1,,,na
GCF_000349705.1,PRJNA232772,SAMN00672463,APMU00000000.1,representative genome,9713,9713,Leptonychotes weddellii,,WS11-02,latest,Scaffold,Major,Full,29/03/2013,LepWed1.0,Broad Institute,GCA_000349705.1,different,https://ftp.ncbi.nlm.nih.gov/genomes/all/GCF/000/349/705/GCF_000349705.1_LepWed1.0,,,na
GCF_011800145.1,PRJNA638103,SAMN13282320,JAAMPH000000000.1,representative genome,9715,9715,Mirounga leonina,,KUSES-001,latest,Scaffold,Major,Full,31/03/2020,KU_Mleo_1.0,Earth Biogenome Project,GCA_011800145.1,different,https://ftp.ncbi.nlm.nih.gov/genomes/all/GCF/011/800/145/GCF_011800145.1_KU_Mleo_1.0,,,na
GCF_004348235.1,PRJNA605348,SAMN10150265,RXNX00000000.1,representative genome,9720,9720,Phoca vitulina,,PV1807,latest,Scaffold,Major,Full,11/02/2019,GSC_HSeal_1.0,Canada's Genome Enterprise (CGEN),GCA_004348235.1,different,https://ftp.ncbi.nlm.nih.gov/genomes/all/GCF/004/348/235/GCF_004348235.1_GSC_HSeal_1.0,,,na
GCF_006547405.1,PRJNA563901,SAMN11083132,SWEB00000000.1,representative genome,9731,9731,Globicephala melas,,X-22926-18,latest,Scaffold,Major,Full,01/07/2019,ASM654740v1,Canada's Genomic Enterprise,GCA_006547405.1,different,https://ftp.ncbi.nlm.nih.gov/genomes/all/GCF/006/547/405/GCF_006547405.1_ASM654740v1,,,na
GCF_000331955.2,PRJNA189949,SAMN01180276,ANOL00000000.2,representative genome,9733,9733,Orcinus orca,,Morgan,latest,Scaffold,Major,Full,31/01/2013,Oorc_1.1,Marine mammals,GCA_000331955.2,identical,https://ftp.ncbi.nlm.nih.gov/genomes/all/GCF/000/331/955/GCF_000331955.2_Oorc_1.1,,,na
GCF_011762595.1,PRJNA625792,SAMN12326775,JAAOMD000000000.1,representative genome,9739,9739,Tursiops truncatus,,mTurTru1,latest,Chromosome,Major,Full,27/03/2020,mTurTru1.mat.Y,Vertebrate Genomes Project,GCA_011762595.1,different,https://ftp.ncbi.nlm.nih.gov/genomes/all/GCF/011/762/595/GCF_011762595.1_mTurTru1.mat.Y,,,na
GCF_002288925.2,PRJNA407951,SAMN06216270,NQVZ00000000.2,representative genome,9749,9749,Delphinapterus leucas,,GAN/ISIS: 26980492/103006,latest,Scaffold,Major,Full,29/08/2019,ASM228892v3,BC Cancer Agency,GCA_002288925.3,different,https://ftp.ncbi.nlm.nih.gov/genomes/all/GCF/002/288/925/GCF_002288925.2_ASM228892v3,,,na
GCF_002837175.2,PRJNA434122,SAMN07836523,PGGR00000000.2,representative genome,9755,9755,Physeter catodon,,SW-GA,latest,Chromosome,Major,Full,08/03/2019,ASM283717v2,BGI,GCA_002837175.2,different,https://ftp.ncbi.nlm.nih.gov/genomes/all/GCF/002/837/175/GCF_002837175.2_ASM283717v2,,,na
GCF_009873245.2,PRJNA607322,SAMN12287136,VNFC00000000.3,representative genome,9771,9771,Balaenoptera musculus,,JJ_BM4_2016_0621,latest,Chromosome,Major,Full,02/10/2020,mBalMus1.pri.v3,G10K,GCA_009873245.3,different,https://ftp.ncbi.nlm.nih.gov/genomes/all/GCF/009/873/245/GCF_009873245.2_mBalMus1.pri.v3,,,na
GCF_000001905.1,PRJNA70973,SAMN02953622,AAGU00000000.3,representative genome,9785,9785,Loxodonta africana,,ISIS603380,latest,Scaffold,Major,Full,15/07/2009,Loxafr3.0,Broad Institute,GCA_000001905.1,different,https://ftp.ncbi.nlm.nih.gov/genomes/all/GCF/000/001/905/GCF_000001905.1_Loxafr3.0,,,na
GCF_001305755.1,PRJNA304024,SAMN03010633,JREZ00000000.1,representative genome,9793,9793,Equus asinus,breed=Guanzhong donkey,Maral har,latest,Scaffold,Major,Full,02/10/2015,ASM130575v1,Inner Mongolian Agricultural University,GCA_001305755.1,different,https://ftp.ncbi.nlm.nih.gov/genomes/all/GCF/001/305/755/GCF_001305755.1_ASM130575v1,,,na
GCF_002863925.1,PRJNA19129,SAMN02953672,PJAA00000000.1,representative genome,9796,9796,Equus caballus,breed=thoroughbred,Twilight,latest,Chromosome,Major,Full,05/01/2018,EquCab3.0,University of Louisville,GCA_002863925.1,different,https://ftp.ncbi.nlm.nih.gov/genomes/all/GCF/002/863/925/GCF_002863925.1_EquCab3.0,,,na
GCF_000696695.1,PRJNA253941,SAMN02808398,ATBW00000000.1,representative genome,9798,9798,Equus przewalskii,,Burgud,latest,Scaffold,Major,Full,05/06/2014,Burgud,"College of Animal Science, Inner Mongolian Agricultural University, China",GCA_000696695.1,different,https://ftp.ncbi.nlm.nih.gov/genomes/all/GCF/000/696/695/GCF_000696695.1_Burgud,,,na
GCF_000003025.6,PRJNA28993,SAMN02953785,AEMK00000000.2,representative genome,9823,9823,Sus scrofa,breed=Duroc,TJ Tabasco,latest,Chromosome,Major,Full,07/02/2017,Sscrofa11.1,The Swine Genome Sequencing Consortium (SGSC),GCA_000003025.6,different,https://ftp.ncbi.nlm.nih.gov/genomes/all/GCF/000/003/025/GCF_000003025.6_Sscrofa11.1,,,na
GCF_000767855.1,PRJNA269612,SAMN02953968,JARL00000000.1,representative genome,9837,9837,Camelus bactrianus,breed=Alxa,,latest,Scaffold,Major,Full,23/10/2014,Ca_bactrianus_MBC_1.0,"Inner Mongolia Agricultural University, P.R.China",GCA_000767855.1,different,https://ftp.ncbi.nlm.nih.gov/genomes/all/GCF/000/767/855/GCF_000767855.1_Ca_bactrianus_MBC_1.0,,,na
GCF_000803125.2,PRJNA565028,SAMN03252735,JWIN00000000.3,representative genome,9838,9838,Camelus dromedarius,breed=African,Drom800,latest,Chromosome,Major,Full,07/10/2019,CamDro3,Vetmeduni Vienna,GCA_000803125.3,different,https://ftp.ncbi.nlm.nih.gov/genomes/all/GCF/000/803/125/GCF_000803125.2_CamDro3,,,na
GCF_910594005.1,PRJNA764704,SAMEA7523520,CAJVBL000000000.1,representative genome,9860,9860,Cervus elaphus,,,latest,Chromosome,Major,Full,07/07/2021,mCerEla1.1,WELLCOME SANGER INSTITUTE,GCA_910594005.1,different,https://ftp.ncbi.nlm.nih.gov/genomes/all/GCF/910/594/005/GCF_910594005.1_mCerEla1.1,,,na
GCF_002102435.1,PRJNA384059,SAMN05363940,MLBE00000000.1,representative genome,9880,9874,Odocoileus virginianus texanus,,animal Pink-7,latest,Scaffold,Major,Full,20/04/2017,Ovir.te_1.0,Baylor College of Medicine,GCA_002102435.1,different,https://ftp.ncbi.nlm.nih.gov/genomes/all/GCF/002/102/435/GCF_002102435.1_Ovir.te_1.0,,,na
GCF_002263795.1,PRJNA450837,SAMN03145444,NKLS00000000.2,representative genome,9913,9913,Bos taurus,breed=Hereford,L1 Dominette 01449 registration number 42190680,latest,Chromosome,Major,Full,11/04/2018,ARS-UCD1.2,USDA ARS,GCA_002263795.2,different,https://ftp.ncbi.nlm.nih.gov/genomes/all/GCF/002/263/795/GCF_002263795.1_ARS-UCD1.2,,,na
GCF_000247795.1,PRJNA360096,SAMN02953802,AGFL00000000.1,representative genome,9915,9915,Bos indicus,breed=Nelore,QUIL7308,latest,Chromosome,Major,Full,25/11/2014,Bos_indicus_1.0,Genoa Biotecnologia SA   ,GCA_000247795.2,different,https://ftp.ncbi.nlm.nih.gov/genomes/all/GCF/000/247/795/GCF_000247795.1_Bos_indicus_1.0,,,na
GCF_001704415.1,PRJNA340281,SAMN03863711,LWLT00000000.1,representative genome,9925,9925,Capra hircus,breed=San Clemente,,latest,Chromosome,Major,Full,24/08/2016,ARS1,USDA ARS,GCA_001704415.1,different,https://ftp.ncbi.nlm.nih.gov/genomes/all/GCF/001/704/415/GCF_001704415.1_ARS1,,,na
GCF_016772045.1,PRJNA739192,SAMN17575729,JAEVFA000000000.1,representative genome,9940,9940,Ovis aries,"breed=Rambouillet, /strain=OAR_USU_Benz2616",,latest,Chromosome,Major,Full,03/02/2021,ARS-UI_Ramb_v2.0,University of Idaho,GCA_016772045.1,different,https://ftp.ncbi.nlm.nih.gov/genomes/all/GCF/016/772/045/GCF_016772045.1_ARS-UI_Ramb_v2.0,,,na
GCF_014570535.1,PRJNA666704,SAMN11464811,VALM00000000.1,representative genome,9974,9974,Manis javanica,,MJ74,latest,Scaffold,Major,Full,15/09/2020,YNU_ManJav_2.0,Yunnan University,GCA_014570535.1,different,https://ftp.ncbi.nlm.nih.gov/genomes/all/GCF/014/570/535/GCF_014570535.1_YNU_ManJav_2.0,,,na
GCF_014633375.1,PRJNA666703,SAMN15664588,JACJUE000000000.1,representative genome,9978,9978,Ochotona princeps,,UAM:Mamm:113957,latest,Chromosome,Major,Full,21/09/2020,OchPri4.0,University of British Columbia Okanagan,GCA_014633375.1,different,https://ftp.ncbi.nlm.nih.gov/genomes/all/GCF/014/633/375/GCF_014633375.1_OchPri4.0,,,na
GCF_000003625.3,PRJNA42933,SAMN02953624,AAGW00000000.2,representative genome,9986,9986,Oryctolagus cuniculus,breed=Thorbecke inbred,,latest,Chromosome,Major,Full,20/10/2009,OryCun2.0,The Broad Institute of MIT and Harvard,GCA_000003625.1,different,https://ftp.ncbi.nlm.nih.gov/genomes/all/GCF/000/003/625/GCF_000003625.3_OryCun2.0,,,na
GCF_001458135.1,PRJNA298354,SAMEA3214822,CZRN00000000.1,representative genome,9994,9993,Marmota marmota marmota,,,latest,Scaffold,Major,Full,20/11/2015,marMar2.1,MRC NATIONAL INSTITUTE FOR MEDICAL RESEARCH,GCA_001458135.1,identical,https://ftp.ncbi.nlm.nih.gov/genomes/all/GCF/001/458/135/GCF_001458135.1_marMar2.1,,,na
GCF_003426925.1,PRJNA489874,SAMN09469529,QVIC00000000.1,representative genome,9999,9999,Urocitellus parryii,ecotype=Arctic tundra,AGS 11-09-20,latest,Scaffold,Major,Full,24/08/2018,ASM342692v1,UAF,GCA_003426925.1,identical,https://ftp.ncbi.nlm.nih.gov/genomes/all/GCF/003/426/925/GCF_003426925.1_ASM342692v1,,,na
GCF_000151885.1,PRJNA287906,SAMN02900551,ABRO00000000.2,representative genome,10020,10020,Dipodomys ordii,,6190,latest,Scaffold,Major,Full,12/12/2014,Dord_2.0,Baylor College of Medicine,GCA_000151885.2,identical,https://ftp.ncbi.nlm.nih.gov/genomes/all/GCF/000/151/885/GCF_000151885.1_Dord_2.0,,,na
GCF_000223135.1,PRJNA72741,SAMN02981352,AFTD00000000.1,representative genome,10029,10029,Cricetulus griseus,,,latest,Scaffold,Major,Full,23/08/2011,CriGri_1.0,Beijing Genomics Institute,GCA_000223135.1,different,https://ftp.ncbi.nlm.nih.gov/genomes/all/GCF/000/223/135/GCF_000223135.1_CriGri_1.0,,,na
GCF_003668045.3,PRJNA498699,SAMN07140313,RAZU00000000.2,na,10029,10029,Cricetulus griseus,strain=17A/GY,,latest,Chromosome,Minor,Full,11/06/2020,CriGri-PICRH-1.0,CHO Genome Community,GCA_003668045.2,identical,https://ftp.ncbi.nlm.nih.gov/genomes/all/GCF/003/668/045/GCF_003668045.3_CriGri-PICRH-1.0,,,na
GCF_017639785.1,PRJNA719779,SAMN18096087,JAFVMI000000000.1,representative genome,10036,10036,Mesocricetus auratus,,SY011,latest,Scaffold,Major,Full,30/03/2021,BCM_Maur_2.0,Baylor College of Medicine Human Genome Sequencing Center,GCA_017639785.1,different,https://ftp.ncbi.nlm.nih.gov/genomes/all/GCF/017/639/785/GCF_017639785.1_BCM_Maur_2.0,,,na
GCF_004664715.2,PRJNA533285,SAMN03488028,NMRJ00000000.2,representative genome,10041,10041,Peromyscus leucopus,breed=LL Stock,,latest,Chromosome,Major,Full,02/10/2020,UCI_PerLeu_2.1,University of California Irvine,GCA_004664715.2,different,https://ftp.ncbi.nlm.nih.gov/genomes/all/GCF/004/664/715/GCF_004664715.2_UCI_PerLeu_2.1,,,na
GCF_002204375.1,PRJNA391923,SAMN06897401,NHTI00000000.1,representative genome,10047,10047,Meriones unguiculatus,strain=243,,latest,Scaffold,Major,Full,21/06/2017,MunDraft-v1.0,Lucigen Corp.,GCA_002204375.1,different,https://ftp.ncbi.nlm.nih.gov/genomes/all/GCF/002/204/375/GCF_002204375.1_MunDraft-v1.0,,,na
GCF_900094665.1,PRJNA387030,SAMEA3367631,FMAL00000000.2,representative genome,10089,10089,Mus caroli,,,latest,Chromosome,Major,Full,28/04/2017,CAROLI_EIJ_v1.1,EBI,GCA_900094665.2,different,https://ftp.ncbi.nlm.nih.gov/genomes/all/GCF/900/094/665/GCF_900094665.1_CAROLI_EIJ_v1.1,,,na
GCF_000001635.27,PRJNA169,,,reference genome,10090,10090,Mus musculus,,,latest,Chromosome,Major,Full,24/06/2020,GRCm39,Genome Reference Consortium,GCA_000001635.9,identical,https://ftp.ncbi.nlm.nih.gov/genomes/all/GCF/000/001/635/GCF_000001635.27_GRCm39,,,na
GCF_900095145.1,PRJNA387191,SAMEA3367645,FMBV00000000.2,representative genome,10093,10093,Mus pahari,,,latest,Chromosome,Major,Full,28/04/2017,PAHARI_EIJ_v1.1,EBI,GCA_900095145.2,identical,https://ftp.ncbi.nlm.nih.gov/genomes/all/GCF/900/095/145/GCF_900095145.1_PAHARI_EIJ_v1.1,,,na
GCF_015227675.2,PRJNA677964,SAMN16261960,JACYVU000000000.1,representative genome,10116,10116,Rattus norvegicus,strain=BN/NHsdMcwi,,latest,Chromosome,Minor,Full,10/11/2020,mRatBN7.2,Wellcome Sanger Institute,GCA_015227675.2,identical,https://ftp.ncbi.nlm.nih.gov/genomes/all/GCF/015/227/675/GCF_015227675.2_mRatBN7.2,,,na
GCF_011064425.1,PRJNA612505,SAMN12855339,JAAIVD000000000.1,representative genome,10117,10117,Rattus rattus,,New Zealand,latest,Chromosome,Major,Full,04/03/2020,Rrattus_CSIRO_v1,CSIRO,GCA_011064425.1,different,https://ftp.ncbi.nlm.nih.gov/genomes/all/GCF/011/064/425/GCF_011064425.1_Rrattus_CSIRO_v1,,,na
GCF_000151735.1,PRJNA73553,SAMN02981223,AAKN00000000.2,representative genome,10141,10141,Cavia porcellus,strain=inbred line 2N,,latest,Scaffold,Major,Full,03/03/2008,Cavpor3.0,"The Genome Sequencing Platform, The Genome Assembly Team",GCA_000151735.1,different,https://ftp.ncbi.nlm.nih.gov/genomes/all/GCF/000/151/735/GCF_000151735.1_Cavpor3.0,,,na
GCF_000260255.1,PRJNA193441,SAMN00769067,AJSA00000000.1,representative genome,10160,10160,Octodon degus,,3935,latest,Scaffold,Major,Full,01/05/2012,OctDeg1.0,Broad Institute,GCA_000260255.1,different,https://ftp.ncbi.nlm.nih.gov/genomes/all/GCF/000/260/255/GCF_000260255.1_OctDeg1.0,,,na
GCF_000247695.1,PRJNA197330,SAMN00714537,AHKG00000000.1,representative genome,10181,10181,Heterocephalus glaber,,NMR 29,latest,Scaffold,Major,Full,17/02/2012,HetGla_female_1.0,Broad Institute,GCA_000247695.1,different,https://ftp.ncbi.nlm.nih.gov/genomes/all/GCF/000/247/695/GCF_000247695.1_HetGla_female_1.0,,,na
GCF_000002295.2,PRJNA15683,SAMN02953611,AAFR00000000.3,representative genome,13616,13616,Monodelphis domestica,,,latest,Chromosome,Major,Full,25/01/2007,MonDom5,"The Genome Sequencing Platform, The Genome Assembly Team",na,na,https://ftp.ncbi.nlm.nih.gov/genomes/all/GCF/000/002/295/GCF_000002295.2_MonDom5,,,na
GCF_014108415.1,PRJNA665629,SAMN14734448,JACASF000000000.1,representative genome,27622,27622,Molossus molossus,,mMolMol1,latest,Scaffold,Major,Full,07/08/2020,mMolMol1.p,Bat1K,GCA_014108415.1,different,https://ftp.ncbi.nlm.nih.gov/genomes/all/GCF/014/108/415/GCF_014108415.1_mMolMol1.p,,,na
GCF_015220235.1,PRJNA678727,SAMN12612024,JADCNF000000000.1,representative genome,27675,27675,Choloepus didactylus,,mChoDid1,latest,Chromosome,Major,Full,03/11/2020,mChoDid1.pri,Vertebrate Genomes Project,GCA_015220235.1,different,https://ftp.ncbi.nlm.nih.gov/genomes/all/GCF/015/220/235/GCF_015220235.1_mChoDid1.pri,,,na
GCF_000299155.1,PRJNA221636,SAMN00749966,AMGZ00000000.1,representative genome,28737,28737,Elephantulus edwardii,,Elephantulus edwardi_28Jun2011,latest,Scaffold,Major,Full,10/10/2012,EleEdw1.0,Broad Institute,GCA_000299155.1,identical,https://ftp.ncbi.nlm.nih.gov/genomes/all/GCF/000/299/155/GCF_000299155.1_EleEdw1.0,,,na
GCF_017311325.1,PRJNA717889,SAMN10734297,JADGMR000000000.1,representative genome,29073,29073,Ursus maritimus,,PB19,latest,Scaffold,Major,Full,09/03/2021,ASM1731132v1,"University of California, Santa Cruz",GCA_017311325.1,different,https://ftp.ncbi.nlm.nih.gov/genomes/all/GCF/017/311/325/GCF_017311325.1_ASM1731132v1,,,na
GCF_000308155.1,PRJNA232522,SAMN00767986,ALEH00000000.1,representative genome,29078,29078,Eptesicus fuscus,,BU_THK_EF1,latest,Scaffold,Major,Full,08/11/2012,EptFus1.0,Broad Institute,GCA_000308155.1,identical,https://ftp.ncbi.nlm.nih.gov/genomes/all/GCF/000/308/155/GCF_000308155.1_EptFus1.0,,,na
GCF_002201575.1,PRJNA392091,SAMN06841387,NINY00000000.1,representative genome,29088,29088,Neomonachus schauinslandi,,,latest,Scaffold,Major,Full,20/06/2017,ASM220157v1,Johns Hopkins University,GCA_002201575.1,different,https://ftp.ncbi.nlm.nih.gov/genomes/all/GCF/002/201/575/GCF_002201575.1_ASM220157v1,,,na
GCF_900497805.2,PRJNA492302,SAMEA4791334,UNPS00000000.2,representative genome,29139,29139,Vombatus ursinus,,,latest,Scaffold,Major,Full,10/12/2018,bare-nosed wombat genome assembly,"MRC Institute of Genetics and Molecular Medicine, University of Edinburgh",GCA_900497805.2,different,https://ftp.ncbi.nlm.nih.gov/genomes/all/GCF/900/497/805/GCF_900497805.2_bare-nosed_wombat_genome_assembly,genome length too large,,na
GCF_003369695.1,PRJNA508959,SAMN08473802,PUFS00000000.2,representative genome,30522,30522,Bos indicus x Bos taurus,breed=Angus x Brahman F1 hybrid,,latest,Chromosome,Major,Full,30/11/2018,UOA_Brahman_1,University of Adelaide,GCA_003369695.2,different,https://ftp.ncbi.nlm.nih.gov/genomes/all/GCF/003/369/695/GCF_003369695.1_UOA_Brahman_1,,,na
GCF_000164845.3,PRJNA221631,SAMN01096418,ABRR00000000.3,representative genome,30538,30538,Vicugna pacos,,Carlotta (AHFN-0088),latest,Scaffold,Major,Full,15/07/2019,VicPac3.1,Deakin University,GCA_000164845.4,different,https://ftp.ncbi.nlm.nih.gov/genomes/all/GCF/000/164/845/GCF_000164845.3_VicPac3.1,,,na
GCF_000165445.2,PRJNA285159,SAMN06275470,ABDC00000000.3,representative genome,30608,30608,Microcebus murinus,,mixed,latest,Chromosome,Major,Full,06/02/2017,Mmur_3.0,Baylor College of Medicine,GCA_000165445.3,different,https://ftp.ncbi.nlm.nih.gov/genomes/all/GCF/000/165/445/GCF_000165445.2_Mmur_3.0,,,na
GCF_000181295.1,PRJNA169348,SAMN02981229,AAQR00000000.3,representative genome,30611,30611,Otolemur garnettii,,467f Iridium,latest,Scaffold,Major,Full,16/03/2011,OtoGar3,"Broad Institute of MIT and Harvard, USA, Cambridge",GCA_000181295.3,identical,https://ftp.ncbi.nlm.nih.gov/genomes/all/GCF/000/181/295/GCF_000181295.1_OtoGar3,,,na
GCF_003709585.1,PRJNA504297,SAMN09699341,QURD00000000.1,representative genome,32536,32536,Acinonyx jubatus,,Rico,latest,Scaffold,Major,Full,22/10/2018,Aci_jub_2,Felidae consortium,GCA_003709585.1,different,https://ftp.ncbi.nlm.nih.gov/genomes/all/GCF/003/709/585/GCF_003709585.1_Aci_jub_2,,,na
GCF_019393635.1,PRJNA764759,SAMN18857598,JAHYBR000000000.1,representative genome,33562,33562,Dromiciops gliroides,,mDroGli1,latest,Chromosome,Major,Full,03/08/2021,mDroGli1.pri,Vertebrate Genomes Project,GCA_019393635.1,different,https://ftp.ncbi.nlm.nih.gov/genomes/all/GCF/019/393/635/GCF_019393635.1_mDroGli1.pri,,,na
GCF_000276665.1,PRJNA210822,SAMN00632093,AGCD00000000.1,representative genome,34839,34839,Chinchilla lanigera,,Chin_1,latest,Scaffold,Major,Full,28/08/2012,ChiLan1.0,Broad Institute,GCA_000276665.1,different,https://ftp.ncbi.nlm.nih.gov/genomes/all/GCF/000/276/665/GCF_000276665.1_ChiLan1.0,,,na
GCF_003265705.1,PRJNA481736,SAMN09379881,QLOG00000000.1,representative genome,34884,34884,Callorhinus ursinus,,GAN/ISIS: 27379988/994484,latest,Scaffold,Major,Full,26/06/2018,ASM326570v1,Canada's Genomics Enterprise,GCA_003265705.1,different,https://ftp.ncbi.nlm.nih.gov/genomes/all/GCF/003/265/705/GCF_003265705.1_ASM326570v1,,,na
GCF_004028035.1,PRJNA518921,SAMN09402722,SBAQ00000000.1,representative genome,34886,34886,Eumetopias jubatus,,GAN:26980396,latest,Scaffold,Major,Full,15/01/2019,ASM402803v1,Canada's Genomic Enterprise,GCA_004028035.1,different,https://ftp.ncbi.nlm.nih.gov/genomes/all/GCF/004/028/035/GCF_004028035.1_ASM402803v1,,,na
GCF_008632895.1,PRJNA578167,SAMN07635206,VSBT00000000.1,representative genome,35658,35658,Mastomys coucha,,ucsf_1,latest,Chromosome,Major,Full,24/09/2019,UCSF_Mcou_1,"University of California, San Francisco",GCA_008632895.1,different,https://ftp.ncbi.nlm.nih.gov/genomes/all/GCF/008/632/895/GCF_008632895.1_UCSF_Mcou_1,,,na
GCF_009829155.1,PRJNA602914,SAMN12611999,WNLY00000000.1,representative genome,36723,36723,Mustela erminea,,mMusErm1,latest,Chromosome,Major,Full,03/01/2020,mMusErm1.Pri,Vertebrate Genomes Project,GCA_009829155.1,different,https://ftp.ncbi.nlm.nih.gov/genomes/all/GCF/009/829/155/GCF_009829155.1_mMusErm1.Pri,,,na
GCF_016509475.1,PRJNA756971,SAMN16486448,JADZGN000000000.1,representative genome,37029,37029,Prionailurus bengalensis,,Pbe53,latest,Chromosome,Major,Full,06/01/2021,Fcat_Pben_1.1_paternal_pri,Texas A&M University,GCA_016509475.2,different,https://ftp.ncbi.nlm.nih.gov/genomes/all/GCF/016/509/475/GCF_016509475.1_Fcat_Pben_1.1_paternal_pri,,,na
GCF_006229205.1,PRJNA553468,SAMN11840572,VCRZ00000000.1,representative genome,37032,37032,Suricata suricatta,,VVHF042,latest,Chromosome,Major,Full,03/07/2019,meerkat_22Aug2017_6uvM2_HiC,DNA Zoo,GCA_006229205.1,identical,https://ftp.ncbi.nlm.nih.gov/genomes/all/GCF/006/229/205/GCF_006229205.1_meerkat_22Aug2017_6uvM2_HiC,,,na
GCF_000952055.2,PRJNA282745,SAMN03121886,JYKP00000000.2,representative genome,37293,37293,Aotus nancymaae,,86115,latest,Scaffold,Major,Full,09/06/2017,Anan_2.0,Baylor College of Medicine,GCA_000952055.2,different,https://ftp.ncbi.nlm.nih.gov/genomes/all/GCF/000/952/055/GCF_000952055.2_Anan_2.0,,,na
GCF_002099425.1,PRJNA384067,SAMN06198159,MSTS00000000.1,representative genome,38626,38626,Phascolarctos cinereus,,Bilbo 61053,latest,Contig,Major,Full,18/04/2017,phaCin_unsw_v4.1,The Earlham Institute,GCA_002099425.1,different,https://ftp.ncbi.nlm.nih.gov/genomes/all/GCF/002/099/425/GCF_002099425.1_phaCin_unsw_v4.1,genome length too large,,na
GCF_903995425.1,PRJNA664182,SAMEA104026389,CAJFAA000000000.1,representative genome,38674,38674,Onychomys torridus,,,latest,Chromosome,Major,Full,21/08/2020,mOncTor1.1,SC,GCA_903995425.1,identical,https://ftp.ncbi.nlm.nih.gov/genomes/all/GCF/903/995/425/GCF_903995425.1_mOncTor1.1,,,na
GCF_016699345.1,PRJNA699579,SAMN16846876,JAEKCL000000000.1,representative genome,39432,27679,Saimiri boliviensis boliviensis,breed=Bolivian squirrel monkey,100643,latest,Scaffold,Major,Full,12/01/2021,BCM_Sbol_2.0,Baylor College of Medicine Human Genome Sequencing Center,GCA_016699345.1,different,https://ftp.ncbi.nlm.nih.gov/genomes/all/GCF/016/699/345/GCF_016699345.1_BCM_Sbol_2.0,,,na
GCF_005190385.1,PRJNA542700,SAMN10872456,SIHG00000000.1,representative genome,40151,40151,Monodon monoceros,ecotype=Baffin Bay Population,NGI,latest,Scaffold,Major,Full,06/05/2019,NGI_Narwhal_1,The Narwhal Genome Initiative,GCA_005190385.2,different,https://ftp.ncbi.nlm.nih.gov/genomes/all/GCF/005/190/385/GCF_005190385.1_NGI_Narwhal_1,,,na
GCF_008692025.1,PRJNA606521,SAMN12325353,VOSU00000000.1,representative genome,42100,42100,Phocoena sinus,,mPhoSin1,latest,Chromosome,Major,Full,26/09/2019,mPhoSin1.pri,Vertebrate Genomes Project,GCA_008692025.1,different,https://ftp.ncbi.nlm.nih.gov/genomes/all/GCF/008/692/025/GCF_008692025.1_mPhoSin1.pri,,,na
GCF_000181275.1,PRJNA193513,SAMN00210854,AALT00000000.2,representative genome,42254,42254,Sorex araneus,,GB8-d,latest,Scaffold,Major,Full,27/08/2012,SorAra2.0,Broad Institute,GCA_000181275.2,identical,https://ftp.ncbi.nlm.nih.gov/genomes/all/GCF/000/181/275/GCF_000181275.1_SorAra2.0,,,na
GCF_016881025.1,PRJNA714113,SAMN08111062,JAESOR000000000.1,representative genome,43179,43179,Ictidomys tridecemlineatus,,GS200,latest,Chromosome,Major,Full,17/02/2021,HiC_Itri_2,Stanford University School of Medicine,GCA_016881025.1,different,https://ftp.ncbi.nlm.nih.gov/genomes/all/GCF/016/881/025/GCF_016881025.1_HiC_Itri_2,,,na
GCF_000754665.1,PRJNA266339,SAMN02947321,JPYT00000000.1,representative genome,43346,9901,Bison bison bison,,TAMUID 2011002044,latest,Scaffold,Major,Full,08/10/2014,Bison_UMD1.0,University of Maryland,GCA_000754665.1,different,https://ftp.ncbi.nlm.nih.gov/genomes/all/GCF/000/754/665/GCF_000754665.1_Bison_UMD1.0,,,na
GCF_014898055.1,PRJNA674757,SAMN10160270,RCFO00000000.1,representative genome,50954,50954,Talpa occidentalis,,TD23,latest,Scaffold,Major,Full,19/10/2020,MPIMG_talOcc4,Max Planck Institute for Molecular Genetics,GCA_014898055.1,different,https://ftp.ncbi.nlm.nih.gov/genomes/all/GCF/014/898/055/GCF_014898055.1_MPIMG_talOcc4,,,na
GCF_014108235.1,PRJNA665501,SAMN14734277,JABWUV000000000.1,representative genome,51298,51298,Myotis myotis,,mMyoMyo1,latest,Scaffold,Major,Full,07/08/2020,mMyoMyo1.p,Bat1K,GCA_014108235.1,different,https://ftp.ncbi.nlm.nih.gov/genomes/all/GCF/014/108/235/GCF_014108235.1_mMyoMyo1.p,,,na
GCF_000280705.1,PRJNA193488,SAMN00728442,AKZC00000000.1,representative genome,51337,51337,Jaculus jaculus,,JJ0015,latest,Scaffold,Major,Full,30/07/2012,JacJac1.0,Broad Institute,GCA_000280705.1,different,https://ftp.ncbi.nlm.nih.gov/genomes/all/GCF/000/280/705/GCF_000280705.1_JacJac1.0,,,na
GCF_001984765.1,PRJNA371604,SAMN06187566,MTKA00000000.1,representative genome,51338,51338,Castor canadensis,,Ward,latest,Scaffold,Major,Full,04/02/2017,C.can genome v1.0,Hospital for Sick Children,GCA_001984765.1,identical,https://ftp.ncbi.nlm.nih.gov/genomes/all/GCF/001/984/765/GCF_001984765.1_C.can_genome_v1.0,,,na
GCF_009764315.1,PRJNA614514,SAMN12630612,VVIV00000000.1,representative genome,54180,54180,Trachypithecus francoisi,,TF-2019V2,latest,Scaffold,Major,Full,18/12/2019,Tfra_2.0,"INSTITUTE OF ZOOLOGY, CHINESE ACADEMY OF SCIENCES",GCA_009764315.1,different,https://ftp.ncbi.nlm.nih.gov/genomes/all/GCF/009/764/315/GCF_009764315.1_Tfra_2.0,,,na
GCF_000147115.1,PRJNA208947,SAMN02953645,AAPE00000000.2,representative genome,59463,59463,Myotis lucifugus,,,latest,Scaffold,Major,Full,14/09/2010,Myoluc2.0,Broad Institute,GCA_000147115.1,identical,https://ftp.ncbi.nlm.nih.gov/genomes/all/GCF/000/147/115/GCF_000147115.1_Myoluc2.0,,,na
GCF_014108245.1,PRJNA666119,SAMN14734388,JACAGB000000000.1,representative genome,59472,59472,Pipistrellus kuhlii,,mPipKuh1,latest,Scaffold,Major,Full,07/08/2020,mPipKuh1.p,Bat1K,GCA_014108245.1,different,https://ftp.ncbi.nlm.nih.gov/genomes/all/GCF/014/108/245/GCF_014108245.1_mPipKuh1.p,,,na
GCF_004115265.1,PRJNA613604,SAMN09948510,RXPC00000000.1,representative genome,59479,59479,Rhinolophus ferrumequinum,,MPI-CBG mRhiFer1,latest,Chromosome,Major,Full,16/05/2019,mRhiFer1_v1.p,Vertebrate Genomes Project,GCA_004115265.2,different,https://ftp.ncbi.nlm.nih.gov/genomes/all/GCF/004/115/265/GCF_004115265.1_mRhiFer1_v1.p,,,na
GCF_014754425.2,PRJNA694191,SAMN14518290,JABAEV000000000.1,representative genome,59534,59534,Oryx dammah,,SB20612,latest,Scaffold,Minor,Full,25/09/2020,SCBI_Odam_1.1,Smithsonian Conservation Biology Institute,GCA_014754425.2,different,https://ftp.ncbi.nlm.nih.gov/genomes/all/GCF/014/754/425/GCF_014754425.2_SCBI_Odam_1.1,,,na
GCF_015252025.1,PRJNA680339,SAMN15458746,JACDXN000000000.1,representative genome,60711,60711,Chlorocebus sabaeus,strain=WHO RCB 10-87,,latest,Scaffold,Major,Full,06/11/2020,Vero_WHO_p1.0,"Viral Vectors and Vaccines Bioprocessing Group, McGill University",GCA_015252025.1,identical,https://ftp.ncbi.nlm.nih.gov/genomes/all/GCF/015/252/025/GCF_015252025.1_Vero_WHO_p1.0,,,na
GCF_011762505.1,PRJNA632612,SAMN12611849,JAAOMG000000000.1,representative genome,61156,61156,Arvicanthis niloticus,,mArvNil1,latest,Chromosome,Major,Full,27/03/2020,mArvNil1.pat.X,Vertebrate Genomes Project,GCA_011762505.1,different,https://ftp.ncbi.nlm.nih.gov/genomes/all/GCF/011/762/505/GCF_011762505.1_mArvNil1.pat.X,,,na
GCF_007474595.2,PRJNA558991,SAMN09948483,VHLE00000000.2,representative genome,61383,61383,Lynx canadensis,,LIC74,latest,Chromosome,Major,Full,14/07/2020,mLynCan4.pri.v2,Vertebrate Genomes Project,GCA_007474595.2,different,https://ftp.ncbi.nlm.nih.gov/genomes/all/GCF/007/474/595/GCF_007474595.2_mLynCan4.pri.v2,,,na
GCF_001698545.1,PRJNA339282,SAMN02786331,MCGX00000000.1,representative genome,61621,61621,Rhinopithecus bieti,,Rb0,latest,Scaffold,Major,Full,03/08/2016,ASM169854v1,Laboratory for conservation and utilization of Bio-resource,GCA_001698545.1,different,https://ftp.ncbi.nlm.nih.gov/genomes/all/GCF/001/698/545/GCF_001698545.1_ASM169854v1,,,na
GCF_007565055.1,PRJNA565017,SAMN11039125,VMRL00000000.1,representative genome,61622,61622,Rhinopithecus roxellana,,Shanxi Qingling,latest,Chromosome,Major,Full,29/07/2019,ASM756505v1,Northwest University,GCA_007565055.1,different,https://ftp.ncbi.nlm.nih.gov/genomes/all/GCF/007/565/055/GCF_007565055.1_ASM756505v1,,,na
GCF_006542625.1,PRJNA564096,SAMN11124083,VIFL00000000.1,representative genome,61853,61853,Nomascus leucogenys,,Asia,latest,Chromosome,Major,Full,02/07/2019,Asia_NLE_v1,University of Washington,GCA_006542625.1,different,https://ftp.ncbi.nlm.nih.gov/genomes/all/GCF/006/542/625/GCF_006542625.1_Asia_NLE_v1,,,na
GCF_000298355.1,PRJNA221623,SAMN00744358,AGSK00000000.1,representative genome,72004,72004,Bos mutus,,yakQH1,latest,Scaffold,Major,Full,09/01/2013,BosGru_v2.0,BGI-shenzhen,GCA_000298355.1,different,https://ftp.ncbi.nlm.nih.gov/genomes/all/GCF/000/298/355/GCF_000298355.1_BosGru_v2.0,,,na
GCF_000283155.1,PRJNA191537,SAMN00778988,AKZM00000000.1,representative genome,73337,9807,Ceratotherium simum simum,,SDZICR_KB13650,latest,Scaffold,Major,Full,31/07/2012,CerSimSim1.0,Broad Institute,GCA_000283155.1,different,https://ftp.ncbi.nlm.nih.gov/genomes/all/GCF/000/283/155/GCF_000283155.1_CerSimSim1.0,,,na
GCF_010015895.1,PRJNA611578,SAMN13049247,WMAJ00000000.1,representative genome,76717,76717,Lontra canadensis,,GAN:19392208,latest,Scaffold,Major,Full,27/01/2020,GSC_riverotter_1.0,Canada's Genomic Enterprise,GCA_010015895.1,identical,https://ftp.ncbi.nlm.nih.gov/genomes/all/GCF/010/015/895/GCF_010015895.1_GSC_riverotter_1.0,,,na
GCF_000317375.1,PRJNA210839,SAMN00727831,AHZW00000000.1,representative genome,79684,79684,Microtus ochrogaster,,Prairie Vole_2,latest,Chromosome,Major,Full,07/12/2012,MicOch1.0,Broad Institute,GCA_000317375.1,identical,https://ftp.ncbi.nlm.nih.gov/genomes/all/GCF/000/317/375/GCF_000317375.1_MicOch1.0,,,na
GCF_009828535.2,PRJNA600985,SAMN12851060,WKKJ00000000.2,representative genome,81572,81572,Hylobates moloch,,HMO894,latest,Scaffold,Major,Full,13/02/2020,HMol_V2,"University of California, Santa Cruz",GCA_009828535.2,different,https://ftp.ncbi.nlm.nih.gov/genomes/all/GCF/009/828/535/GCF_009828535.2_HMol_V2,,,na
GCF_003121395.1,PRJNA471901,SAMN08640746,PZYV00000000.1,representative genome,89462,89462,Bubalus bubalis,breed=Mediterranean,,latest,Chromosome,Major,Full,14/05/2018,UOA_WB_1,University of Adelaide,GCA_003121395.1,different,https://ftp.ncbi.nlm.nih.gov/genomes/all/GCF/003/121/395/GCF_003121395.1_ASM312139v1,,,na
GCF_004126475.2,PRJNA524358,SAMN09948786,RXPA00000000.2,representative genome,89673,89673,Phyllostomus discolor,,MPI-MPIP mPhyDis1,latest,Chromosome,Major,Full,12/05/2020,mPhyDis1.pri.v3,Vertebrate Genomes Project,GCA_004126475.3,different,https://ftp.ncbi.nlm.nih.gov/genomes/all/GCF/004/126/475/GCF_004126475.2_mPhyDis1.pri.v3,,,na
GCF_003676395.1,PRJNA504867,SAMN09386610,RCWK00000000.1,representative genome,90247,90247,Lagenorhynchus obliquidens,,GAN/ISIS:26980383/991018,latest,Scaffold,Major,Full,23/10/2018,ASM367639v1,Canada's Genomic Enterprise,GCA_003676395.1,different,https://ftp.ncbi.nlm.nih.gov/genomes/all/GCF/003/676/395/GCF_003676395.1_ASM367639v1,,,na
GCF_003676075.2,PRJNA516936,SAMN10078668,QZWP00000000.2,representative genome,93162,93162,Marmota flaviventris,,SJ_83,latest,Scaffold,Major,Full,24/05/2019,GSC_YBM_2.0,Canada's Genomic Enterprise,GCA_003676075.2,different,https://ftp.ncbi.nlm.nih.gov/genomes/all/GCF/003/676/075/GCF_003676075.2_GSC_YBM_2.0,,,na
GCF_003009895.1,PRJNA694192,SAMN07212965,PEQU00000000.1,representative genome,95912,95912,Hyaena hyaena,,Hyena2069,latest,Scaffold,Major,Full,19/03/2018,ASM300989v1,Potsdam University,GCA_003009895.1,different,https://ftp.ncbi.nlm.nih.gov/genomes/all/GCF/003/009/895/GCF_003009895.1_ASM300989v1,,,na
GCF_019054845.1,PRJNA748106,SAMN19232064,JAHHPX000000000.1,representative genome,105255,105255,Dipodomys spectabilis,,Male_0828,latest,Contig,Major,Full,29/06/2021,ASM1905484v1,Auburn University,GCA_019054845.1,identical,https://ftp.ncbi.nlm.nih.gov/genomes/all/GCF/019/054/845/GCF_019054845.1_ASM1905484v1,,,na
GCF_000412655.1,PRJNA218631,SAMN01801565,ANKR00000000.1,representative genome,109478,109478,Myotis brandtii,,,latest,Scaffold,Major,Full,28/06/2013,ASM41265v1,BGI,GCA_000412655.1,identical,https://ftp.ncbi.nlm.nih.gov/genomes/all/GCF/000/412/655/GCF_000412655.1_ASM41265v1,,,na
GCF_018167655.1,PRJNA729470,SAMN18478481,JAGKIF000000000.1,representative genome,111838,111838,Microtus oregoni,,MIOR12,latest,Contig,Major,Full,26/04/2021,Mior012,Oklahoma State Universtiy,GCA_018167655.1,identical,https://ftp.ncbi.nlm.nih.gov/genomes/all/GCF/018/167/655/GCF_018167655.1_Mior012,,,na
GCF_003584765.2,PRJNA493656,SAMN09907428,QXTK00000000.1,representative genome,116960,9644,Ursus arctos horribilis,,GAN/ISIS:MIG12-29695490/34125,latest,Scaffold,Minor,Full,20/09/2018,ASM358476v2,Canada's Genomic Enterprise,GCA_003584765.2,different,https://ftp.ncbi.nlm.nih.gov/genomes/all/GCF/003/584/765/GCF_003584765.2_ASM358476v2,,,na
GCF_000442215.1,PRJNA232751,SAMN02953859,AUPI00000000.1,representative genome,118797,118797,Lipotes vexillifer,,,latest,Scaffold,Major,Full,31/07/2013,Lipotes_vexillifer_v1,BGI,GCA_000442215.1,different,https://ftp.ncbi.nlm.nih.gov/genomes/all/GCF/000/442/215/GCF_000442215.1_Lipotes_vexillifer_v1,,,na
GCF_000243295.1,PRJNA189960,SAMN00632092,AHIN00000000.1,representative genome,127582,9778,Trichechus manatus latirostris,,Lorelei,latest,Scaffold,Major,Full,23/01/2012,TriManLat1.0,Broad Institute,GCA_000243295.1,different,https://ftp.ncbi.nlm.nih.gov/genomes/all/GCF/000/243/295/GCF_000243295.1_TriManLat1.0,,,na
GCF_017591425.1,PRJNA722036,SAMN13876228,JAADBW000000000.1,representative genome,130825,130825,Ochotona curzoniae,,NIBS_2020,latest,Scaffold,Major,Full,26/03/2021,NIBS_Ocur_1.0,"National Institute of Biological Sciences, Beijing",GCA_017591425.1,different,https://ftp.ncbi.nlm.nih.gov/genomes/all/GCF/017/591/425/GCF_017591425.1_NIBS_Ocur_1.0,,,na
GCF_000151845.1,PRJNA275879,SAMN02894360,ABRP00000000.2,representative genome,132908,132908,Pteropus vampyrus,,Shadow,latest,Scaffold,Major,Full,05/12/2014,Pvam_2.0,Baylor College of Medicine,GCA_000151845.2,identical,https://ftp.ncbi.nlm.nih.gov/genomes/all/GCF/000/151/845/GCF_000151845.1_Pvam_2.0,,,na
GCF_902729225.1,PRJNA703023,SAMEA5634742,CACVBW000000000.1,representative genome,143291,143291,Pteropus giganteus,,,latest,Scaffold,Major,Full,15/04/2020,Ma_sr-lr_union100,CIRI-Inserm-U1111,GCA_902729225.1,identical,https://ftp.ncbi.nlm.nih.gov/genomes/all/GCF/902/729/225/GCF_902729225.1_Ma_sr-lr_union100,,,na
GCF_014570555.1,PRJNA666705,SAMN11464812,VBRX00000000.1,representative genome,143292,143292,Manis pentadactyla,,MP20,latest,Scaffold,Major,Full,15/09/2020,YNU_ManPten_2.0,Yunnan University,GCA_014570555.1,different,https://ftp.ncbi.nlm.nih.gov/genomes/all/GCF/014/570/555/GCF_014570555.1_YNU_ManPten_2.0,,,na
GCF_000260355.1,PRJNA193510,SAMN00727830,AJFV00000000.1,representative genome,143302,143302,Condylura cristata,,star-nosed mole 26May11,latest,Scaffold,Major,Full,01/05/2012,ConCri1.0,Broad Institute,GCA_000260355.1,identical,https://ftp.ncbi.nlm.nih.gov/genomes/all/GCF/000/260/355/GCF_000260355.1_ConCri1.0,,,na
GCF_000296735.1,PRJNA232768,SAMN00744889,AMDV00000000.1,representative genome,185453,185453,Chrysochloris asiatica,,,latest,Scaffold,Major,Full,19/09/2012,ChrAsi1.0,Broad Institute,GCA_000296735.1,different,https://ftp.ncbi.nlm.nih.gov/genomes/all/GCF/000/296/735/GCF_000296735.1_ChrAsi1.0,,,na
GCF_001890085.1,PRJNA357596,SAMN03177460,JXIK00000000.1,representative genome,186990,186990,Hipposideros armiger,,ML-2016,latest,Scaffold,Major,Full,06/12/2016,ASM189008v1,SKLEC & IECR,GCA_001890085.1,different,https://ftp.ncbi.nlm.nih.gov/genomes/all/GCF/001/890/085/GCF_001890085.1_ASM189008v1,,,na
GCF_016433145.1,PRJNA769689,SAMN16807781,JADWME000000000.1,representative genome,191870,191870,Gracilinanus agilis,,LMUSP501,latest,Chromosome,Major,Full,06/01/2021,AgileGrace,Nanjing Normal University,GCA_016433145.1,different,https://ftp.ncbi.nlm.nih.gov/genomes/all/GCF/016/433/145/GCF_016433145.1_AgileGrace,,,na
GCF_014824575.2,PRJNA673222,SAMN12282880,VSFL00000000.1,representative genome,192404,192404,Sturnira hondurensis,ecotype=Veracruz,20B,latest,Scaffold,Minor,Full,30/09/2020,WHU_Shon_v2.1,College of Life Sciences at Wuhan University,GCA_014824575.2,identical,https://ftp.ncbi.nlm.nih.gov/genomes/all/GCF/014/824/575/GCF_014824575.2_WHU_Shon_v2.1,,,na
GCF_000327345.1,PRJNA232515,SAMN01103204,ALWT00000000.1,representative genome,225400,225400,Myotis davidii,,,latest,Scaffold,Major,Full,20/12/2012,ASM32734v1,BGI,GCA_000327345.1,identical,https://ftp.ncbi.nlm.nih.gov/genomes/all/GCF/000/327/345/GCF_000327345.1_ASM32734v1,,,na
GCF_003704035.1,PRJNA738144,SAMN10150431,RCWR00000000.1,representative genome,230844,10042,Peromyscus maniculatus bairdii,,BW,latest,Chromosome,Major,Full,17/09/2020,HU_Pman_2.1.3,Harvard University / Howard Hughes Medical Institute,GCA_003704035.3,different,https://ftp.ncbi.nlm.nih.gov/genomes/all/GCF/003/704/035/GCF_003704035.1_HU_Pman_2.1.3,,,na
GCF_000334495.1,PRJNA221634,SAMN01084043,ALAR00000000.1,representative genome,246437,246437,Tupaia chinensis,,,latest,Scaffold,Major,Full,31/01/2013,TupChi_1.0,BGI,GCA_000334495.1,identical,https://ftp.ncbi.nlm.nih.gov/genomes/all/GCF/000/334/495/GCF_000334495.1_TupChi_1.0,,,na
GCF_012295265.1,PRJNA649359,SAMN14395261,JAASLC000000000.1,representative genome,286419,9612,Canis lupus dingo,ecotype=Alpine,COOINDA,latest,Chromosome,Major,Full,15/04/2020,UNSW_AlpineDingo_1.0,University of New South Wales,GCA_012295265.1,identical,https://ftp.ncbi.nlm.nih.gov/genomes/all/GCF/012/295/265/GCF_012295265.1_UNSW_AlpineDingo_1.0,,,na
GCF_001595765.1,PRJNA317472,SAMN03652541,LDJU00000000.1,representative genome,291302,291302,Miniopterus natalensis,,MN2012-01,latest,Scaffold,Major,Full,22/03/2016,Mnat.v1,"University of California, San Francisco",GCA_001595765.1,identical,https://ftp.ncbi.nlm.nih.gov/genomes/all/GCF/001/595/765/GCF_001595765.1_Mnat.v1,,,na
GCF_000493695.1,PRJNA237330,SAMN02192642,ATDI00000000.1,representative genome,310752,9767,Balaenoptera acutorostrata scammoni,,,latest,Scaffold,Major,Full,31/10/2013,BalAcu1.0,Korea Ocean Research & Development Institute,GCA_000493695.1,different,https://ftp.ncbi.nlm.nih.gov/genomes/all/GCF/000/493/695/GCF_000493695.1_BalAcu1.0,,,na
GCF_000951035.1,PRJNA279495,SAMN03121814,JYKR00000000.1,representative genome,336983,54131,Colobus angolensis palliatus,,OR3802,latest,Scaffold,Major,Full,12/03/2015,Cang.pa_1.0,Baylor College of Medicine,GCA_000951035.1,identical,https://ftp.ncbi.nlm.nih.gov/genomes/all/GCF/000/951/035/GCF_000951035.1_Cang.pa_1.0,,,na
GCF_000956105.1,PRJNA281642,SAMN03121823,JZKE00000000.1,representative genome,379532,379532,Propithecus coquereli,,6110/MARCELLA,latest,Scaffold,Major,Full,23/03/2015,Pcoq_1.0,Baylor College of Medicine,GCA_000956105.1,different,https://ftp.ncbi.nlm.nih.gov/genomes/all/GCF/000/956/105/GCF_000956105.1_Pcoq_1.0,,,na
GCF_002288905.1,PRJNA407952,SAMN07211055,NSES00000000.1,representative genome,391180,34882,Enhydra lutris kenyoni,,GAN:26980312,latest,Scaffold,Major,Full,11/09/2017,ASM228890v2,BC Cancer Agency,GCA_002288905.2,different,https://ftp.ncbi.nlm.nih.gov/genomes/all/GCF/002/288/905/GCF_002288905.1_ASM228890v2,,,na
GCF_009834535.1,PRJNA605179,SAMN12102236,VSZR00000000.1,representative genome,419612,419612,Camelus ferus,,YT-003-E,latest,Chromosome,Major,Full,08/01/2020,BCGSAC_Cfer_1.0,The Bactrian Camels Genome Sequencing and Analysis Consortium,GCA_009834535.1,different,https://ftp.ncbi.nlm.nih.gov/genomes/all/GCF/009/834/535/GCF_009834535.1_BCGSAC_Cfer_1.0,,,na
GCF_020171115.1,PRJNA769404,SAMN19764019,JAIAWX000000000.1,representative genome,452646,452646,Neovison vison,,M4711,latest,Chromosome,Major,Full,29/09/2021,ASM_NN_V1,Dalhousie University,GCA_020171115.1,different,https://ftp.ncbi.nlm.nih.gov/genomes/all/GCF/020/171/115/GCF_020171115.1_ASM_NN_V1,,,na
GCF_000696425.1,PRJNA253111,SAMN01758971,JMZW00000000.1,representative genome,482537,482537,Galeopterus variegatus,,,latest,Scaffold,Major,Full,05/06/2014,G_variegatus-3.0.2,Washington University (WashU),GCA_000696425.1,different,https://ftp.ncbi.nlm.nih.gov/genomes/all/GCF/000/696/425/GCF_000696425.1_G_variegatus-3.0.2,,,na
GCF_004785775.1,PRJNA533235,SAMN11172698,SRMG00000000.1,representative genome,491861,491861,Grammomys surdaster,,TR1022,latest,Scaffold,Major,Full,12/04/2019,NIH_TR_1.0,NIH Sequencing Center,GCA_004785775.1,identical,https://ftp.ncbi.nlm.nih.gov/genomes/all/GCF/004/785/775/GCF_004785775.1_NIH_TR_1.0,,,na
GCF_018345385.1,PRJNA730899,SAMN16815335,JADWOQ000000000.1,representative genome,494514,494514,Vulpes lagopus,strain=Blue_001,,latest,Chromosome,Major,Full,12/05/2021,ASM1834538v1,Hebei Normal University of Science and Technology,GCA_018345385.1,different,https://ftp.ncbi.nlm.nih.gov/genomes/all/GCF/018/345/385/GCF_018345385.1_ASM1834538v1,,,na
GCF_002776525.3,PRJNA419387,SAMN07735529,PDMG00000000.3,representative genome,591936,591936,Piliocolobus tephrosceles,,RC106,latest,Chromosome,Major,Full,12/12/2019,ASM277652v3,University of Oregon,GCA_002776525.3,identical,https://ftp.ncbi.nlm.nih.gov/genomes/all/GCF/002/776/525/GCF_002776525.3_ASM277652v3,,,na
GCF_012274545.1,PRJNA625221,SAMN10973724,JAAHWF000000000.1,representative genome,885580,885580,Fukomys damarensis,,Sample0158,latest,Scaffold,Major,Full,13/04/2020,DMR_v1.0_HiC,DNA Zoo Consortium,GCA_012274545.1,different,https://ftp.ncbi.nlm.nih.gov/genomes/all/GCF/012/274/545/GCF_012274545.1_DMR_v1.0_HiC,,,na
GCF_000622305.1,PRJNA254049,SAMN02299330,AXCS00000000.1,representative genome,1026970,1026970,Nannospalax galili,,Female #2095,latest,Scaffold,Major,Full,05/06/2014,S.galili_v1.0,BGI,GCA_000622305.1,different,https://ftp.ncbi.nlm.nih.gov/genomes/all/GCF/000/622/305/GCF_000622305.1_S.galili_v1.0,,,na
GCF_903992535.2,PRJNA687149,SAMEA994740,CAJEUG000000000.2,representative genome,1047088,1047088,Arvicola amphibius,,,latest,Chromosome,Major,Full,15/05/2021,mArvAmp1.2,Wellcome Sanger Institute,GCA_903992535.2,identical,https://ftp.ncbi.nlm.nih.gov/genomes/all/GCF/903/992/535/GCF_903992535.2_mArvAmp1.2,,,na
GCF_000298275.1,PRJNA237355,SAMN00744890,ALYB00000000.1,representative genome,1230840,9818,Orycteropus afer afer,,SDZICR_OR568_19922,latest,Scaffold,Major,Full,20/09/2012,OryAfe1.0,Broad Institute,GCA_000298275.1,different,https://ftp.ncbi.nlm.nih.gov/genomes/all/GCF/000/298/275/GCF_000298275.1_OryAfe1.0,,,na
GCF_019320065.1,PRJNA758978,SAMN15814149,JACTMD000000000.1,representative genome,1574408,1574408,Cervus canadensis,,"Bull #8, Minnesota",latest,Chromosome,Major,Full,26/07/2021,ASM1932006v1,Iowa State University,GCA_019320065.1,different,https://ftp.ncbi.nlm.nih.gov/genomes/all/GCF/019/320/065/GCF_019320065.1_ASM1932006v1,,,na
GCF_014898765.1,PRJNA717316,SAMN14930875,JACEOH000000000.1,representative genome,1608482,1608482,Puma yagouaroundi,ecotype=Mexico,,latest,Scaffold,Major,Full,20/10/2020,PumYag,Felidae consortium,GCA_014898765.1,different,https://ftp.ncbi.nlm.nih.gov/genomes/all/GCF/014/898/765/GCF_014898765.1_PumYag,,,na
GCF_003031525.2,PRJNA449518,SAMN05831577,MKKW00000000.1,representative genome,1706337,189058,Neophocaena asiaeorientalis asiaeorientalis,breed=wild,,latest,Scaffold,Minor,Full,03/04/2018,Neophocaena_asiaeorientalis_V1,Nanjing normal university,GCA_003031525.2,different,https://ftp.ncbi.nlm.nih.gov/genomes/all/GCF/003/031/525/GCF_003031525.2_Neophocaena_asiaeorientalis_V1,,,na
GCF_000164805.1,PRJNA236776,SAMN02445010,ABRT00000000.2,representative genome,1868482,1868482,Carlito syrichta,,Samal-C Ts95f,latest,Scaffold,Major,Full,18/09/2013,Tarsius_syrichta-2.0.1,Washington University (WashU),GCA_000164805.2,different,https://ftp.ncbi.nlm.nih.gov/genomes/all/GCF/000/164/805/GCF_000164805.1_Tarsius_syrichta-2.0.1,,,na
GCF_001604975.1,PRJNA328123,SAMN04522148,LVWQ00000000.1,representative genome,2715852,2715852,Cebus imitator,,Cc_AM_T3,latest,Scaffold,Major,Full,04/04/2016,Cebus_imitator-1.0,McDonnell Genome Institute - Washington University School of Medicine,GCA_001604975.1,identical,https://ftp.ncbi.nlm.nih.gov/genomes/all/GCF/001/604/975/GCF_001604975.1_Cebus_imitator-1.0,,,na
